LatestNews-timestamp,title,link
2 Hours Ago,Here are the 4 things we're watching in the stock market in the week ahead,https://www.cnbc.com/2025/01/20/here-are-the-4-things-were-watching-in-the-stock-market-in-the-week-ahead.html
4 Hours Ago,Trump says he's thinking of imposing 25% tariffs on Canada and Mexico in February,https://www.cnbc.com/2025/01/20/trump-says-hes-thinking-of-imposing-25percent-tariffs-on-canada-and-mexico-in-february.html
4 Hours Ago,What to look out for as Trump 2.0 era starts,https://www.cnbc.com/2025/01/21/cnbc-daily-open-what-to-look-out-for-as-trump-2point0-era-starts.html
5 Hours Ago,Jefferies downgrades Apple to rare underperform rating,https://www.cnbc.com/2025/01/20/jefferies-downgrades-apple-to-rare-underperform-rating-says-revenue-may-disappoint.html
5 Hours Ago,Asia-Pacific markets rise  as investors await clarity on President Donald Trump's policies,https://www.cnbc.com/2025/01/21/asia-markets-live-updates.html
6 Hours Ago,S&P 500 futures are flat as Trump says he's considering tariffs on Canada and Mexico,https://www.cnbc.com/2025/01/20/stock-futures-rise-as-trumps-second-term-begins-live-updates.html
6 Hours Ago,Trump's crypto-fueled inauguration weekend nets first family billions of dollars,https://www.cnbc.com/2025/01/20/trump-crypto-fueled-inauguration-makes-family-billions-of-dollars.html
7 Hours Ago,Abu Dhabi's $330-billion wealth fund warns not to underestimate AI disruption,https://www.cnbc.com/2025/01/20/abu-dhabi-330-billion-wealth-fund-warns-on-ai-disruption.html
12 Hours Ago,These are the 10 best states to raise a family in 2025,https://www.cnbc.com/2025/01/20/these-are-the-10-best-states-to-raise-a-family-according-to-wallethub.html
12 Hours Ago,"Costco union representing 18,000 workers authorizes nationwide strike",https://www.cnbc.com/2025/01/20/costco-union-representing-18000-workers-authorize-nationwide-strike.html
12 Hours Ago,Biden pardons his family in final minutes in office,https://www.cnbc.com/2025/01/20/biden-pardons-family-members.html
13 Hours Ago,Stanford psychologist: The No. 1 way to raise emotionally intelligent kids,https://www.cnbc.com/2025/01/20/stanford-psychologist-the-nopoint1-way-to-raise-emotionally-intelligent-kids.html
13 Hours Ago,Stanley Druckenmiller says 'animal spirits' are back in markets because of Trump,https://www.cnbc.com/2025/01/20/stanley-druckenmiller-says-animal-spirits-are-back-in-markets-because-of-trump-with-ceos-giddy.html
14 Hours Ago,Goldman Sachs sees ‘significant’ investment opportunities as the population ages,https://www.cnbc.com/2025/01/20/goldman-sachs-sees-significant-investment-openings-as-population-ages.html
14 Hours Ago,Stock futures rise as Trump sworn in as president,https://www.cnbc.com/2025/01/20/dow-futures-rise-150-points-on-trump-inauguration-day-with-regular-trading-closed.html
14 Hours Ago,"Trump trade memorandum doesn't impose tariffs, but he says some could be coming",https://www.cnbc.com/2025/01/20/trump-trade-memorandum-wont-impose-new-tariffs-on-day-one-says-wsj-report.html
15 Hours Ago,"Employers in these 4 industries are hiring 'like crazy,' says recruiting expert",https://www.cnbc.com/2025/01/20/employers-in-these-industries-are-hiring-like-crazy-says-recruiting-expert-of-20-years.html
15 Hours Ago,"Trump declares 'national energy emergency,' withdraws from Paris climate accord",https://www.cnbc.com/2025/01/20/trump-to-declare-national-energy-emergency-expanding-his-legal-options-to-address-high-costs.html
15 Hours Ago,"3 tips to become a better public speaker, from a boss who's managed 100 people",https://www.cnbc.com/2025/01/20/3-tips-to-become-a-better-public-speaker-from-a-boss-whos-managed-100-people.html
15 Hours Ago,"This New York city will be the hottest U.S. housing market in 2025, Zillow says",https://www.cnbc.com/2025/01/20/zillow-buffalo-new-york-will-be-hottest-us-housing-market-this-year.html
15 Hours Ago,How stocks and bitcoin fared in the first 100 days of Trump’s last presidency,https://www.cnbc.com/2025/01/20/stocks-gold-bitcoin-in-the-first-100-days-of-trumps-presidency.html
16 Hours Ago,"Bitcoin touches new high of $109,000 on Trump inauguration day",https://www.cnbc.com/2025/01/20/bitcoin-jumps-to-a-new-record-as-traders-cheer-trump-inauguration-meme-coins.html
16 Hours Ago,"Biden pardons Dr. Anthony Fauci, Gen. Milley, Jan. 6 committee members",https://www.cnbc.com/2025/01/20/biden-pardons-fauci-milley-j6-committee.html
17 Hours Ago,"Trump pardons 1,500 Jan. 6 rioters, abandons Biden-era policies",https://www.cnbc.com/2025/01/20/trump-inauguration-live-updates.html
17 Hours Ago,Here are the products and companies most at risk from Trump's tariff plans,https://www.cnbc.com/2025/01/20/trump-tariff-news-products-and-companies-most-at-risk.html
18 Hours Ago,Why merger mania is coming to the fore in the mining industry,https://www.cnbc.com/2025/01/20/why-mega-merger-mania-is-coming-to-the-fore-in-the-mining-industry.html
19 Hours Ago,Melania Trump launches cryptocurrency ahead of Donald Trump's inauguration,https://www.cnbc.com/2025/01/20/melania-trump-launches-cryptocurrency-ahead-of-donald-trumps-inauguration.html
21 Hours Ago,"As WEF gets underway in Davos, which world leaders are absent speaks volumes",https://www.cnbc.com/2025/01/20/the-list-of-world-leaders-who-are-not-attending-wef-2025-in-davos.html
22 Hours Ago,Investors are gearing up for Trump 2.0,https://www.cnbc.com/2025/01/20/cnbc-daily-open-investors-are-gearing-up-for-trump-2point0.html
23 Hours Ago,"As America braces for Trump 2.0, here's how the world views his return",https://www.cnbc.com/2025/01/20/how-the-rest-of-the-world-feels-as-trump-is-inaugurated.html
